insert into compound(id, inchi_code, mol_weight) values (E'RDHQFKQIGNGIED-UHFFFAOYSA-N', E'InChI=1S/C9H17NO4/c1-7(11)14-8(5-9(12)13)6-10(2,3)4/h8H,5-6H2,1-4H3', 203.23558);
insert into synonym(inchi_key, name, type) values (E'RDHQFKQIGNGIED-UHFFFAOYSA-N', E'3-acetyloxy-4-(trimethylammonio)butanoate', E'IUPAC Name (CAS-like Style)');
insert into synonym(inchi_key, name, type) values (E'RDHQFKQIGNGIED-UHFFFAOYSA-N', E'3-acetoxy-4-(trimethylammonio)butyrate', E'IUPAC Name (Traditional)');
insert into synonym(inchi_key, name, type) values (E'RDHQFKQIGNGIED-UHFFFAOYSA-N', E'3-acetyloxy-4-(trimethylazaniumyl)butanoate', E'IUPAC Name (Systematic)');
insert into synonym(inchi_key, name, type) values (E'RDHQFKQIGNGIED-UHFFFAOYSA-N', E'3-acetyloxy-4-(trimethylazaniumyl)butanoate', E'IUPAC Name (Preferred)');
insert into synonym(inchi_key, name, type) values (E'RDHQFKQIGNGIED-UHFFFAOYSA-N', E'3-acetoxy-4-(trimethylammonio)butanoate', E'IUPAC Name (Allowed)');
insert into external_id(inchi_key, name, url, value) values (E'RDHQFKQIGNGIED-UHFFFAOYSA-N', E'PubChem CID', E'https://pubchem.ncbi.nlm.nih.gov/summary/summary.cgi', E'1');
insert into compound(id, inchi_code, mol_weight) values (E'RDHQFKQIGNGIED-UHFFFAOYSA-O', E'InChI=1S/C9H17NO4/c1-7(11)14-8(5-9(12)13)6-10(2,3)4/h8H,5-6H2,1-4H3/p+1', 204.24352);
insert into synonym(inchi_key, name, type) values (E'RDHQFKQIGNGIED-UHFFFAOYSA-O', E'(2-acetyloxy-3-carboxypropyl)-trimethylammonium', E'IUPAC Name (CAS-like Style)');
insert into synonym(inchi_key, name, type) values (E'RDHQFKQIGNGIED-UHFFFAOYSA-O', E'(2-acetoxy-3-carboxy-propyl)-trimethyl-ammonium', E'IUPAC Name (Traditional)');
insert into synonym(inchi_key, name, type) values (E'RDHQFKQIGNGIED-UHFFFAOYSA-O', E'(2-acetyloxy-4-oxidanyl-4-oxidanylidene-butyl)-trimethyl-azanium', E'IUPAC Name (Systematic)');
insert into synonym(inchi_key, name, type) values (E'RDHQFKQIGNGIED-UHFFFAOYSA-O', E'(2-acetyloxy-3-carboxypropyl)-trimethylazanium', E'IUPAC Name (Preferred)');
insert into synonym(inchi_key, name, type) values (E'RDHQFKQIGNGIED-UHFFFAOYSA-O', E'(2-acetoxy-3-carboxy-propyl)-trimethyl-ammonium', E'IUPAC Name (Allowed)');
insert into external_id(inchi_key, name, url, value) values (E'RDHQFKQIGNGIED-UHFFFAOYSA-O', E'PubChem CID', E'https://pubchem.ncbi.nlm.nih.gov/summary/summary.cgi', E'2');
insert into compound(id, inchi_code, mol_weight) values (E'INCSWYKICIYAHB-UHFFFAOYSA-N', E'InChI=1S/C7H8O4/c8-5-3-1-2-4(6(5)9)7(10)11/h1-3,5-6,8-9H,(H,10,11)', 156.13602);
insert into synonym(inchi_key, name, type) values (E'INCSWYKICIYAHB-UHFFFAOYSA-N', E'5,6-dihydroxy-1-cyclohexa-1,3-dienecarboxylic acid', E'IUPAC Name (CAS-like Style)');
insert into synonym(inchi_key, name, type) values (E'INCSWYKICIYAHB-UHFFFAOYSA-N', E'5,6-dihydroxycyclohexa-1,3-diene-1-carboxylic acid', E'IUPAC Name (Traditional)');
insert into synonym(inchi_key, name, type) values (E'INCSWYKICIYAHB-UHFFFAOYSA-N', E'5,6-bis(oxidanyl)cyclohexa-1,3-diene-1-carboxylic acid', E'IUPAC Name (Systematic)');
insert into synonym(inchi_key, name, type) values (E'INCSWYKICIYAHB-UHFFFAOYSA-N', E'5,6-dihydroxycyclohexa-1,3-diene-1-carboxylic acid', E'IUPAC Name (Preferred)');
insert into synonym(inchi_key, name, type) values (E'INCSWYKICIYAHB-UHFFFAOYSA-N', E'5,6-dihydroxycyclohexa-1,3-diene-1-carboxylic acid', E'IUPAC Name (Allowed)');
insert into external_id(inchi_key, name, url, value) values (E'INCSWYKICIYAHB-UHFFFAOYSA-N', E'PubChem CID', E'https://pubchem.ncbi.nlm.nih.gov/summary/summary.cgi', E'3');
insert into compound(id, inchi_code, mol_weight) values (E'HXKKHQJGJAFBHI-UHFFFAOYSA-N', E'InChI=1S/C3H9NO/c1-3(5)2-4/h3,5H,2,4H2,1H3', 75.10966);
insert into synonym(inchi_key, name, type) values (E'HXKKHQJGJAFBHI-UHFFFAOYSA-N', E'1-amino-2-propanol', E'IUPAC Name (CAS-like Style)');
insert into synonym(inchi_key, name, type) values (E'HXKKHQJGJAFBHI-UHFFFAOYSA-N', E'1-aminopropan-2-ol', E'IUPAC Name (Traditional)');
insert into synonym(inchi_key, name, type) values (E'HXKKHQJGJAFBHI-UHFFFAOYSA-N', E'1-azanylpropan-2-ol', E'IUPAC Name (Systematic)');
insert into synonym(inchi_key, name, type) values (E'HXKKHQJGJAFBHI-UHFFFAOYSA-N', E'1-aminopropan-2-ol', E'IUPAC Name (Preferred)');
insert into synonym(inchi_key, name, type) values (E'HXKKHQJGJAFBHI-UHFFFAOYSA-N', E'1-aminopropan-2-ol', E'IUPAC Name (Allowed)');
insert into external_id(inchi_key, name, url, value) values (E'HXKKHQJGJAFBHI-UHFFFAOYSA-N', E'PubChem CID', E'https://pubchem.ncbi.nlm.nih.gov/summary/summary.cgi', E'4');
insert into compound(id, inchi_code, mol_weight) values (E'HIQNVODXENYOFK-UHFFFAOYSA-N', E'InChI=1S/C3H8NO5P/c4-1-3(5)2-9-10(6,7)8/h1-2,4H2,(H2,6,7,8)', 169.073082);
insert into synonym(inchi_key, name, type) values (E'HIQNVODXENYOFK-UHFFFAOYSA-N', E'(3-amino-2-oxopropyl) dihydrogen phosphate', E'IUPAC Name (CAS-like Style)');
insert into synonym(inchi_key, name, type) values (E'HIQNVODXENYOFK-UHFFFAOYSA-N', E'(3-amino-2-keto-propyl) dihydrogen phosphate', E'IUPAC Name (Traditional)');
insert into synonym(inchi_key, name, type) values (E'HIQNVODXENYOFK-UHFFFAOYSA-N', E'(3-azanyl-2-oxidanylidene-propyl) dihydrogen phosphate', E'IUPAC Name (Systematic)');
insert into synonym(inchi_key, name, type) values (E'HIQNVODXENYOFK-UHFFFAOYSA-N', E'(3-amino-2-oxopropyl) dihydrogen phosphate', E'IUPAC Name (Preferred)');
insert into synonym(inchi_key, name, type) values (E'HIQNVODXENYOFK-UHFFFAOYSA-N', E'(3-amino-2-oxo-propyl) dihydrogen phosphate', E'IUPAC Name (Allowed)');
insert into external_id(inchi_key, name, url, value) values (E'HIQNVODXENYOFK-UHFFFAOYSA-N', E'PubChem CID', E'https://pubchem.ncbi.nlm.nih.gov/summary/summary.cgi', E'5');
insert into compound(id, inchi_code, mol_weight) values (E'VYZAHLCBVHPDDF-UHFFFAOYSA-N', E'InChI=1S/C6H3ClN2O4/c7-5-2-1-4(8(10)11)3-6(5)9(12)13/h1-3H', 202.55202);
insert into synonym(inchi_key, name, type) values (E'VYZAHLCBVHPDDF-UHFFFAOYSA-N', E'1-chloro-2,4-dinitrobenzene', E'IUPAC Name (CAS-like Style)');
insert into synonym(inchi_key, name, type) values (E'VYZAHLCBVHPDDF-UHFFFAOYSA-N', E'1-chloro-2,4-dinitro-benzene', E'IUPAC Name (Traditional)');
insert into synonym(inchi_key, name, type) values (E'VYZAHLCBVHPDDF-UHFFFAOYSA-N', E'1-chloranyl-2,4-dinitro-benzene', E'IUPAC Name (Systematic)');
insert into synonym(inchi_key, name, type) values (E'VYZAHLCBVHPDDF-UHFFFAOYSA-N', E'1-chloro-2,4-dinitrobenzene', E'IUPAC Name (Preferred)');
insert into synonym(inchi_key, name, type) values (E'VYZAHLCBVHPDDF-UHFFFAOYSA-N', E'1-chloro-2,4-dinitro-benzene', E'IUPAC Name (Allowed)');
insert into external_id(inchi_key, name, url, value) values (E'VYZAHLCBVHPDDF-UHFFFAOYSA-N', E'PubChem CID', E'https://pubchem.ncbi.nlm.nih.gov/summary/summary.cgi', E'6');
insert into compound(id, inchi_code, mol_weight) values (E'MUIPLRMGAXZWSQ-UHFFFAOYSA-N', E'InChI=1S/C7H9N5/c1-2-12-4-11-5-6(8)9-3-10-7(5)12/h3-4H,2H2,1H3,(H2,8,9,10)', 163.17986);
insert into synonym(inchi_key, name, type) values (E'MUIPLRMGAXZWSQ-UHFFFAOYSA-N', E'9-ethyl-6-purinamine', E'IUPAC Name (CAS-like Style)');
insert into synonym(inchi_key, name, type) values (E'MUIPLRMGAXZWSQ-UHFFFAOYSA-N', E'(9-ethylpurin-6-yl)amine', E'IUPAC Name (Traditional)');
insert into synonym(inchi_key, name, type) values (E'MUIPLRMGAXZWSQ-UHFFFAOYSA-N', E'9-ethylpurin-6-amine', E'IUPAC Name (Systematic)');
insert into synonym(inchi_key, name, type) values (E'MUIPLRMGAXZWSQ-UHFFFAOYSA-N', E'9-ethylpurin-6-amine', E'IUPAC Name (Preferred)');
insert into synonym(inchi_key, name, type) values (E'MUIPLRMGAXZWSQ-UHFFFAOYSA-N', E'9-ethylpurin-6-amine', E'IUPAC Name (Allowed)');
insert into external_id(inchi_key, name, url, value) values (E'MUIPLRMGAXZWSQ-UHFFFAOYSA-N', E'PubChem CID', E'https://pubchem.ncbi.nlm.nih.gov/summary/summary.cgi', E'7');
insert into compound(id, inchi_code, mol_weight) values (E'PDGXJDXVGMHUIR-UHFFFAOYSA-N', E'InChI=1S/C6H12O4/c1-3-6(2,10)4(7)5(8)9/h4,7,10H,3H2,1-2H3,(H,8,9)', 148.15708);
insert into synonym(inchi_key, name, type) values (E'PDGXJDXVGMHUIR-UHFFFAOYSA-N', E'2,3-dihydroxy-3-methylpentanoic acid', E'IUPAC Name (CAS-like Style)');
insert into synonym(inchi_key, name, type) values (E'PDGXJDXVGMHUIR-UHFFFAOYSA-N', E'2,3-dihydroxy-3-methyl-valeric acid', E'IUPAC Name (Traditional)');
insert into synonym(inchi_key, name, type) values (E'PDGXJDXVGMHUIR-UHFFFAOYSA-N', E'3-methyl-2,3-bis(oxidanyl)pentanoic acid', E'IUPAC Name (Systematic)');
insert into synonym(inchi_key, name, type) values (E'PDGXJDXVGMHUIR-UHFFFAOYSA-N', E'2,3-dihydroxy-3-methylpentanoic acid', E'IUPAC Name (Preferred)');
insert into synonym(inchi_key, name, type) values (E'PDGXJDXVGMHUIR-UHFFFAOYSA-N', E'2,3-dihydroxy-3-methyl-pentanoic acid', E'IUPAC Name (Allowed)');
insert into external_id(inchi_key, name, url, value) values (E'PDGXJDXVGMHUIR-UHFFFAOYSA-N', E'PubChem CID', E'https://pubchem.ncbi.nlm.nih.gov/summary/summary.cgi', E'8');
insert into compound(id, inchi_code, mol_weight) values (E'INAPMGSXUVUWAF-UHFFFAOYSA-N', E'InChI=1S/C6H13O9P/c7-1-2(8)4(10)6(5(11)3(1)9)15-16(12,13)14/h1-11H,(H2,12,13,14)', 260.135782);
insert into synonym(inchi_key, name, type) values (E'INAPMGSXUVUWAF-UHFFFAOYSA-N', E'(2,3,4,5,6-pentahydroxycyclohexyl) dihydrogen phosphate', E'IUPAC Name (CAS-like Style)');
insert into synonym(inchi_key, name, type) values (E'INAPMGSXUVUWAF-UHFFFAOYSA-N', E'(2,3,4,5,6-pentahydroxycyclohexyl) dihydrogen phosphate', E'IUPAC Name (Traditional)');
insert into synonym(inchi_key, name, type) values (E'INAPMGSXUVUWAF-UHFFFAOYSA-N', E'[2,3,4,5,6-pentakis(oxidanyl)cyclohexyl] dihydrogen phosphate', E'IUPAC Name (Systematic)');
insert into synonym(inchi_key, name, type) values (E'INAPMGSXUVUWAF-UHFFFAOYSA-N', E'(2,3,4,5,6-pentahydroxycyclohexyl) dihydrogen phosphate', E'IUPAC Name (Preferred)');
insert into synonym(inchi_key, name, type) values (E'INAPMGSXUVUWAF-UHFFFAOYSA-N', E'(2,3,4,5,6-pentahydroxycyclohexyl) dihydrogen phosphate', E'IUPAC Name (Allowed)');
insert into external_id(inchi_key, name, url, value) values (E'INAPMGSXUVUWAF-UHFFFAOYSA-N', E'PubChem CID', E'https://pubchem.ncbi.nlm.nih.gov/summary/summary.cgi', E'9');
insert into compound(id, inchi_code, mol_weight) values (E'AUFGTPPARQZWDO-UHFFFAOYSA-N', E'InChI=1S/C20H23N7O7/c21-20-25-16-15(18(32)26-20)23-11(7-22-16)8-27(9-28)12-3-1-10(2-4-12)17(31)24-13(19(33)34)5-6-14(29)30/h1-4,9,11,13,23H,5-8H2,(H,24,31)(H,29,30)(H,33,34)(H4,21,22,25,26,32)', 473.43932);
insert into synonym(inchi_key, name, type) values (E'AUFGTPPARQZWDO-UHFFFAOYSA-N', E'2-[[[4-[(2-amino-4-oxo-5,6,7,8-tetrahydro-1H-pteridin-6-yl)methyl-formylamino]phenyl]-oxomethyl]amino]pentanedioic acid', E'IUPAC Name (CAS-like Style)');
insert into synonym(inchi_key, name, type) values (E'AUFGTPPARQZWDO-UHFFFAOYSA-N', E'2-[[4-[(2-amino-4-keto-5,6,7,8-tetrahydro-1H-pteridin-6-yl)methyl-formyl-amino]benzoyl]amino]glutaric acid', E'IUPAC Name (Traditional)');
insert into synonym(inchi_key, name, type) values (E'AUFGTPPARQZWDO-UHFFFAOYSA-N', E'2-[[4-[(2-azanyl-4-oxidanylidene-5,6,7,8-tetrahydro-1H-pteridin-6-yl)methyl-methanoyl-amino]phenyl]carbonylamino]pentanedioic acid', E'IUPAC Name (Systematic)');
insert into synonym(inchi_key, name, type) values (E'AUFGTPPARQZWDO-UHFFFAOYSA-N', E'2-[[4-[(2-amino-4-oxo-5,6,7,8-tetrahydro-1H-pteridin-6-yl)methyl-formylamino]benzoyl]amino]pentanedioic acid', E'IUPAC Name (Preferred)');
insert into synonym(inchi_key, name, type) values (E'AUFGTPPARQZWDO-UHFFFAOYSA-N', E'2-[[4-[(2-amino-4-oxo-5,6,7,8-tetrahydro-1H-pteridin-6-yl)methyl-formyl-amino]benzoyl]amino]pentanedioic acid', E'IUPAC Name (Allowed)');
insert into external_id(inchi_key, name, url, value) values (E'AUFGTPPARQZWDO-UHFFFAOYSA-N', E'PubChem CID', E'https://pubchem.ncbi.nlm.nih.gov/summary/summary.cgi', E'10');
insert into compound(id, inchi_code, mol_weight) values (E'WSLDOOZREJYCGB-UHFFFAOYSA-N', E'InChI=1S/C2H4Cl2/c3-1-2-4/h1-2H2', 98.95916);
insert into synonym(inchi_key, name, type) values (E'WSLDOOZREJYCGB-UHFFFAOYSA-N', E'1,2-dichloroethane', E'IUPAC Name (CAS-like Style)');
insert into synonym(inchi_key, name, type) values (E'WSLDOOZREJYCGB-UHFFFAOYSA-N', E'1,2-dichloroethane', E'IUPAC Name (Traditional)');
insert into synonym(inchi_key, name, type) values (E'WSLDOOZREJYCGB-UHFFFAOYSA-N', E'1,2-bis(chloranyl)ethane', E'IUPAC Name (Systematic)');
insert into synonym(inchi_key, name, type) values (E'WSLDOOZREJYCGB-UHFFFAOYSA-N', E'1,2-dichloroethane', E'IUPAC Name (Preferred)');
insert into synonym(inchi_key, name, type) values (E'WSLDOOZREJYCGB-UHFFFAOYSA-N', E'1,2-dichloroethane', E'IUPAC Name (Allowed)');
insert into external_id(inchi_key, name, url, value) values (E'WSLDOOZREJYCGB-UHFFFAOYSA-N', E'PubChem CID', E'https://pubchem.ncbi.nlm.nih.gov/summary/summary.cgi', E'11');
insert into compound(id, inchi_code, mol_weight) values (E'RDJUHLUBPADHNP-UHFFFAOYSA-N', E'InChI=1S/C6H6O4/c7-3-1-4(8)6(10)5(9)2-3/h1-2,7-10H', 142.10944);
insert into synonym(inchi_key, name, type) values (E'RDJUHLUBPADHNP-UHFFFAOYSA-N', E'benzene-1,2,3,5-tetrol', E'IUPAC Name (CAS-like Style)');
insert into synonym(inchi_key, name, type) values (E'RDJUHLUBPADHNP-UHFFFAOYSA-N', E'benzene-1,2,3,5-tetrol', E'IUPAC Name (Traditional)');
insert into synonym(inchi_key, name, type) values (E'RDJUHLUBPADHNP-UHFFFAOYSA-N', E'benzene-1,2,3,5-tetrol', E'IUPAC Name (Systematic)');
insert into synonym(inchi_key, name, type) values (E'RDJUHLUBPADHNP-UHFFFAOYSA-N', E'benzene-1,2,3,5-tetrol', E'IUPAC Name (Preferred)');
insert into synonym(inchi_key, name, type) values (E'RDJUHLUBPADHNP-UHFFFAOYSA-N', E'benzene-1,2,3,5-tetrol', E'IUPAC Name (Allowed)');
insert into external_id(inchi_key, name, url, value) values (E'RDJUHLUBPADHNP-UHFFFAOYSA-N', E'PubChem CID', E'https://pubchem.ncbi.nlm.nih.gov/summary/summary.cgi', E'12');
insert into compound(id, inchi_code, mol_weight) values (E'PBKONEOXTCPAFI-UHFFFAOYSA-N', E'InChI=1S/C6H3Cl3/c7-4-1-2-5(8)6(9)3-4/h1-3H', 181.44702);
insert into synonym(inchi_key, name, type) values (E'PBKONEOXTCPAFI-UHFFFAOYSA-N', E'1,2,4-trichlorobenzene', E'IUPAC Name (CAS-like Style)');
insert into synonym(inchi_key, name, type) values (E'PBKONEOXTCPAFI-UHFFFAOYSA-N', E'1,2,4-trichlorobenzene', E'IUPAC Name (Traditional)');
insert into synonym(inchi_key, name, type) values (E'PBKONEOXTCPAFI-UHFFFAOYSA-N', E'1,2,4-tris(chloranyl)benzene', E'IUPAC Name (Systematic)');
insert into synonym(inchi_key, name, type) values (E'PBKONEOXTCPAFI-UHFFFAOYSA-N', E'1,2,4-trichlorobenzene', E'IUPAC Name (Preferred)');
insert into synonym(inchi_key, name, type) values (E'PBKONEOXTCPAFI-UHFFFAOYSA-N', E'1,2,4-trichlorobenzene', E'IUPAC Name (Allowed)');
insert into external_id(inchi_key, name, url, value) values (E'PBKONEOXTCPAFI-UHFFFAOYSA-N', E'PubChem CID', E'https://pubchem.ncbi.nlm.nih.gov/summary/summary.cgi', E'13');
insert into compound(id, inchi_code, mol_weight) values (E'VXPBDCBTMSKCKZ-UHFFFAOYSA-N', E'InChI=1S/C20H32O5/c1-2-3-6-9-15(21)12-13-17-16(18(22)14-19(17)23)10-7-4-5-8-11-20(24)25/h12-13,16-17,19,23H,2-11,14H2,1H3,(H,24,25)', 352.46508);
insert into synonym(inchi_key, name, type) values (E'VXPBDCBTMSKCKZ-UHFFFAOYSA-N', E'7-[3-hydroxy-5-oxo-2-(3-oxooct-1-enyl)cyclopentyl]heptanoic acid', E'IUPAC Name (CAS-like Style)');
insert into synonym(inchi_key, name, type) values (E'VXPBDCBTMSKCKZ-UHFFFAOYSA-N', E'7-[3-hydroxy-5-keto-2-(3-ketooct-1-enyl)cyclopentyl]enanthic acid', E'IUPAC Name (Traditional)');
insert into synonym(inchi_key, name, type) values (E'VXPBDCBTMSKCKZ-UHFFFAOYSA-N', E'7-[3-oxidanyl-5-oxidanylidene-2-(3-oxidanylideneoct-1-enyl)cyclopentyl]heptanoic acid', E'IUPAC Name (Systematic)');
insert into synonym(inchi_key, name, type) values (E'VXPBDCBTMSKCKZ-UHFFFAOYSA-N', E'7-[3-hydroxy-5-oxo-2-(3-oxooct-1-enyl)cyclopentyl]heptanoic acid', E'IUPAC Name (Preferred)');
insert into synonym(inchi_key, name, type) values (E'VXPBDCBTMSKCKZ-UHFFFAOYSA-N', E'7-[3-hydroxy-5-oxo-2-(3-oxooct-1-enyl)cyclopentyl]heptanoic acid', E'IUPAC Name (Allowed)');
insert into external_id(inchi_key, name, url, value) values (E'VXPBDCBTMSKCKZ-UHFFFAOYSA-N', E'PubChem CID', E'https://pubchem.ncbi.nlm.nih.gov/summary/summary.cgi', E'14');
insert into compound(id, inchi_code, mol_weight) values (E'NVKAWKQGWWIWPM-UHFFFAOYSA-N', E'InChI=1S/C19H30O2/c1-18-9-7-13(20)11-12(18)3-4-14-15-5-6-17(21)19(15,2)10-8-16(14)18/h12,14-17,21H,3-11H2,1-2H3', 290.4403);
insert into synonym(inchi_key, name, type) values (E'NVKAWKQGWWIWPM-UHFFFAOYSA-N', E'17-hydroxy-10,13-dimethyl-1,2,4,5,6,7,8,9,11,12,14,15,16,17-tetradecahydrocyclopenta[a]phenanthren-3-one', E'IUPAC Name (CAS-like Style)');
insert into synonym(inchi_key, name, type) values (E'NVKAWKQGWWIWPM-UHFFFAOYSA-N', E'17-hydroxy-10,13-dimethyl-1,2,4,5,6,7,8,9,11,12,14,15,16,17-tetradecahydrocyclopenta[a]phenanthren-3-one', E'IUPAC Name (Traditional)');
insert into synonym(inchi_key, name, type) values (E'NVKAWKQGWWIWPM-UHFFFAOYSA-N', E'10,13-dimethyl-17-oxidanyl-1,2,4,5,6,7,8,9,11,12,14,15,16,17-tetradecahydrocyclopenta[a]phenanthren-3-one', E'IUPAC Name (Systematic)');
insert into synonym(inchi_key, name, type) values (E'NVKAWKQGWWIWPM-UHFFFAOYSA-N', E'17-hydroxy-10,13-dimethyl-1,2,4,5,6,7,8,9,11,12,14,15,16,17-tetradecahydrocyclopenta[a]phenanthren-3-one', E'IUPAC Name (Preferred)');
insert into synonym(inchi_key, name, type) values (E'NVKAWKQGWWIWPM-UHFFFAOYSA-N', E'17-hydroxy-10,13-dimethyl-1,2,4,5,6,7,8,9,11,12,14,15,16,17-tetradecahydrocyclopenta[a]phenanthren-3-one', E'IUPAC Name (Allowed)');
insert into external_id(inchi_key, name, url, value) values (E'NVKAWKQGWWIWPM-UHFFFAOYSA-N', E'PubChem CID', E'https://pubchem.ncbi.nlm.nih.gov/summary/summary.cgi', E'15');
insert into compound(id, inchi_code, mol_weight) values (E'HERSSAVMHCMYSQ-UHFFFAOYSA-N', E'InChI=1S/C12H22N2O2/c15-11-7-3-1-5-9-13-12(16)8-4-2-6-10-14-11/h1-10H2,(H,13,16)(H,14,15)', 226.31528);
insert into synonym(inchi_key, name, type) values (E'HERSSAVMHCMYSQ-UHFFFAOYSA-N', E'1,8-diazacyclotetradecane-2,9-dione', E'IUPAC Name (CAS-like Style)');
insert into synonym(inchi_key, name, type) values (E'HERSSAVMHCMYSQ-UHFFFAOYSA-N', E'1,8-diazacyclotetradecane-2,9-quinone', E'IUPAC Name (Traditional)');
insert into synonym(inchi_key, name, type) values (E'HERSSAVMHCMYSQ-UHFFFAOYSA-N', E'1,8-diazacyclotetradecane-2,9-dione', E'IUPAC Name (Systematic)');
insert into synonym(inchi_key, name, type) values (E'HERSSAVMHCMYSQ-UHFFFAOYSA-N', E'1,8-diazacyclotetradecane-2,9-dione', E'IUPAC Name (Preferred)');
insert into synonym(inchi_key, name, type) values (E'HERSSAVMHCMYSQ-UHFFFAOYSA-N', E'1,8-diazacyclotetradecane-2,9-dione', E'IUPAC Name (Allowed)');
insert into external_id(inchi_key, name, url, value) values (E'HERSSAVMHCMYSQ-UHFFFAOYSA-N', E'PubChem CID', E'https://pubchem.ncbi.nlm.nih.gov/summary/summary.cgi', E'16');
insert into compound(id, inchi_code, mol_weight) values (E'UWOCFOFVIBZJGH-UHFFFAOYSA-N', E'InChI=1S/C7H7NO4/c9-6(10)4-2-1-3-5(8-4)7(11)12/h1-2,5H,3H2,(H,9,10)(H,11,12)', 169.13478);
insert into synonym(inchi_key, name, type) values (E'UWOCFOFVIBZJGH-UHFFFAOYSA-N', E'2,3-dihydropyridine-2,6-dicarboxylic acid', E'IUPAC Name (CAS-like Style)');
insert into synonym(inchi_key, name, type) values (E'UWOCFOFVIBZJGH-UHFFFAOYSA-N', E'2,3-dihydropyridine-2,6-dicarboxylic acid', E'IUPAC Name (Traditional)');
insert into synonym(inchi_key, name, type) values (E'UWOCFOFVIBZJGH-UHFFFAOYSA-N', E'2,3-dihydropyridine-2,6-dicarboxylic acid', E'IUPAC Name (Systematic)');
insert into synonym(inchi_key, name, type) values (E'UWOCFOFVIBZJGH-UHFFFAOYSA-N', E'2,3-dihydropyridine-2,6-dicarboxylic acid', E'IUPAC Name (Preferred)');
insert into synonym(inchi_key, name, type) values (E'UWOCFOFVIBZJGH-UHFFFAOYSA-N', E'2,3-dihydropyridine-2,6-dicarboxylic acid', E'IUPAC Name (Allowed)');
insert into external_id(inchi_key, name, url, value) values (E'UWOCFOFVIBZJGH-UHFFFAOYSA-N', E'PubChem CID', E'https://pubchem.ncbi.nlm.nih.gov/summary/summary.cgi', E'17');
insert into compound(id, inchi_code, mol_weight) values (E'GJQWCDSAOUMKSE-UHFFFAOYSA-N', E'InChI=1S/C6H8O7/c7-1-2(8)3(9)4(10)5(11)6(12)13/h2-3,7-9H,1H2,(H,12,13)', 192.12352);
insert into synonym(inchi_key, name, type) values (E'GJQWCDSAOUMKSE-UHFFFAOYSA-N', E'4,5,6-trihydroxy-2,3-dioxohexanoic acid', E'IUPAC Name (CAS-like Style)');
insert into synonym(inchi_key, name, type) values (E'GJQWCDSAOUMKSE-UHFFFAOYSA-N', E'4,5,6-trihydroxy-2,3-diketo-hexanoic acid', E'IUPAC Name (Traditional)');
insert into synonym(inchi_key, name, type) values (E'GJQWCDSAOUMKSE-UHFFFAOYSA-N', E'4,5,6-tris(oxidanyl)-2,3-bis(oxidanylidene)hexanoic acid', E'IUPAC Name (Systematic)');
insert into synonym(inchi_key, name, type) values (E'GJQWCDSAOUMKSE-UHFFFAOYSA-N', E'4,5,6-trihydroxy-2,3-dioxohexanoic acid', E'IUPAC Name (Preferred)');
insert into synonym(inchi_key, name, type) values (E'GJQWCDSAOUMKSE-UHFFFAOYSA-N', E'4,5,6-trihydroxy-2,3-dioxo-hexanoic acid', E'IUPAC Name (Allowed)');
insert into external_id(inchi_key, name, url, value) values (E'GJQWCDSAOUMKSE-UHFFFAOYSA-N', E'PubChem CID', E'https://pubchem.ncbi.nlm.nih.gov/summary/summary.cgi', E'18');
insert into compound(id, inchi_code, mol_weight) values (E'GLDQAMYCGOIJDV-UHFFFAOYSA-N', E'InChI=1S/C7H6O4/c8-5-3-1-2-4(6(5)9)7(10)11/h1-3,8-9H,(H,10,11)', 154.12014);
insert into synonym(inchi_key, name, type) values (E'GLDQAMYCGOIJDV-UHFFFAOYSA-N', E'2,3-dihydroxybenzoic acid', E'IUPAC Name (CAS-like Style)');
insert into synonym(inchi_key, name, type) values (E'GLDQAMYCGOIJDV-UHFFFAOYSA-N', E'2,3-dihydroxybenzoic acid', E'IUPAC Name (Traditional)');
insert into synonym(inchi_key, name, type) values (E'GLDQAMYCGOIJDV-UHFFFAOYSA-N', E'2,3-bis(oxidanyl)benzoic acid', E'IUPAC Name (Systematic)');
insert into synonym(inchi_key, name, type) values (E'GLDQAMYCGOIJDV-UHFFFAOYSA-N', E'2,3-dihydroxybenzoic acid', E'IUPAC Name (Preferred)');
insert into synonym(inchi_key, name, type) values (E'GLDQAMYCGOIJDV-UHFFFAOYSA-N', E'2,3-dihydroxybenzoic acid', E'IUPAC Name (Allowed)');
insert into external_id(inchi_key, name, url, value) values (E'GLDQAMYCGOIJDV-UHFFFAOYSA-N', E'PubChem CID', E'https://pubchem.ncbi.nlm.nih.gov/summary/summary.cgi', E'19');
insert into compound(id, inchi_code, mol_weight) values (E'QZDSXQJWBGMRLU-UHFFFAOYSA-N', E'InChI=1S/C9H10O4/c10-7-3-1-2-6(9(7)13)4-5-8(11)12/h1-3,10,13H,4-5H2,(H,11,12)', 182.1733);
insert into synonym(inchi_key, name, type) values (E'QZDSXQJWBGMRLU-UHFFFAOYSA-N', E'3-(2,3-dihydroxyphenyl)propanoic acid', E'IUPAC Name (CAS-like Style)');
insert into synonym(inchi_key, name, type) values (E'QZDSXQJWBGMRLU-UHFFFAOYSA-N', E'3-(2,3-dihydroxyphenyl)propionic acid', E'IUPAC Name (Traditional)');
insert into synonym(inchi_key, name, type) values (E'QZDSXQJWBGMRLU-UHFFFAOYSA-N', E'3-[2,3-bis(oxidanyl)phenyl]propanoic acid', E'IUPAC Name (Systematic)');
insert into synonym(inchi_key, name, type) values (E'QZDSXQJWBGMRLU-UHFFFAOYSA-N', E'3-(2,3-dihydroxyphenyl)propanoic acid', E'IUPAC Name (Preferred)');
insert into synonym(inchi_key, name, type) values (E'QZDSXQJWBGMRLU-UHFFFAOYSA-N', E'3-(2,3-dihydroxyphenyl)propanoic acid', E'IUPAC Name (Allowed)');
insert into external_id(inchi_key, name, url, value) values (E'QZDSXQJWBGMRLU-UHFFFAOYSA-N', E'PubChem CID', E'https://pubchem.ncbi.nlm.nih.gov/summary/summary.cgi', E'20');
insert into compound(id, inchi_code, mol_weight) values (E'VUQLHQFKACOHNZ-UHFFFAOYSA-N', E'InChI=1S/C6H10O4/c1-3-6(10,4(2)7)5(8)9/h10H,3H2,1-2H3,(H,8,9)', 146.1412);
insert into synonym(inchi_key, name, type) values (E'VUQLHQFKACOHNZ-UHFFFAOYSA-N', E'2-ethyl-2-hydroxy-3-oxobutanoic acid', E'IUPAC Name (CAS-like Style)');
insert into synonym(inchi_key, name, type) values (E'VUQLHQFKACOHNZ-UHFFFAOYSA-N', E'2-ethyl-2-hydroxy-3-keto-butyric acid', E'IUPAC Name (Traditional)');
insert into synonym(inchi_key, name, type) values (E'VUQLHQFKACOHNZ-UHFFFAOYSA-N', E'2-ethyl-2-oxidanyl-3-oxidanylidene-butanoic acid', E'IUPAC Name (Systematic)');
insert into synonym(inchi_key, name, type) values (E'VUQLHQFKACOHNZ-UHFFFAOYSA-N', E'2-ethyl-2-hydroxy-3-oxobutanoic acid', E'IUPAC Name (Preferred)');
insert into synonym(inchi_key, name, type) values (E'VUQLHQFKACOHNZ-UHFFFAOYSA-N', E'2-ethyl-2-hydroxy-3-oxo-butanoic acid', E'IUPAC Name (Allowed)');
insert into external_id(inchi_key, name, url, value) values (E'VUQLHQFKACOHNZ-UHFFFAOYSA-N', E'PubChem CID', E'https://pubchem.ncbi.nlm.nih.gov/summary/summary.cgi', E'21');
insert into compound(id, inchi_code, mol_weight) values (E'NMDWGEGFJUBKLB-UHFFFAOYSA-N', E'InChI=1S/C5H8O4/c1-3(6)5(2,9)4(7)8/h9H,1-2H3,(H,7,8)', 132.11462);
insert into synonym(inchi_key, name, type) values (E'NMDWGEGFJUBKLB-UHFFFAOYSA-N', E'2-hydroxy-2-methyl-3-oxobutanoic acid', E'IUPAC Name (CAS-like Style)');
insert into synonym(inchi_key, name, type) values (E'NMDWGEGFJUBKLB-UHFFFAOYSA-N', E'2-hydroxy-3-keto-2-methyl-butyric acid', E'IUPAC Name (Traditional)');
insert into synonym(inchi_key, name, type) values (E'NMDWGEGFJUBKLB-UHFFFAOYSA-N', E'2-methyl-2-oxidanyl-3-oxidanylidene-butanoic acid', E'IUPAC Name (Systematic)');
insert into synonym(inchi_key, name, type) values (E'NMDWGEGFJUBKLB-UHFFFAOYSA-N', E'2-hydroxy-2-methyl-3-oxobutanoic acid', E'IUPAC Name (Preferred)');
insert into synonym(inchi_key, name, type) values (E'NMDWGEGFJUBKLB-UHFFFAOYSA-N', E'2-hydroxy-2-methyl-3-oxo-butanoic acid', E'IUPAC Name (Allowed)');
insert into external_id(inchi_key, name, url, value) values (E'NMDWGEGFJUBKLB-UHFFFAOYSA-N', E'PubChem CID', E'https://pubchem.ncbi.nlm.nih.gov/summary/summary.cgi', E'22');
insert into compound(id, inchi_code, mol_weight) values (E'KACPVQQHDVBVFC-UHFFFAOYSA-N', E'InChI=1S/C7H7NO5/c8-5(7(12)13)4(6(10)11)2-1-3-9/h1-3H,8H2,(H,10,11)(H,12,13)', 185.13418);
insert into synonym(inchi_key, name, type) values (E'KACPVQQHDVBVFC-UHFFFAOYSA-N', E'2-amino-3-(3-oxoprop-1-enyl)-2-butenedioic acid', E'IUPAC Name (CAS-like Style)');
insert into synonym(inchi_key, name, type) values (E'KACPVQQHDVBVFC-UHFFFAOYSA-N', E'2-amino-3-(3-ketoprop-1-enyl)but-2-enedioic acid', E'IUPAC Name (Traditional)');
insert into synonym(inchi_key, name, type) values (E'KACPVQQHDVBVFC-UHFFFAOYSA-N', E'2-azanyl-3-(3-oxidanylideneprop-1-enyl)but-2-enedioic acid', E'IUPAC Name (Systematic)');
insert into synonym(inchi_key, name, type) values (E'KACPVQQHDVBVFC-UHFFFAOYSA-N', E'2-amino-3-(3-oxoprop-1-enyl)but-2-enedioic acid', E'IUPAC Name (Preferred)');
insert into synonym(inchi_key, name, type) values (E'KACPVQQHDVBVFC-UHFFFAOYSA-N', E'2-amino-3-(3-oxoprop-1-enyl)but-2-enedioic acid', E'IUPAC Name (Allowed)');
insert into external_id(inchi_key, name, url, value) values (E'KACPVQQHDVBVFC-UHFFFAOYSA-N', E'PubChem CID', E'https://pubchem.ncbi.nlm.nih.gov/summary/summary.cgi', E'23');
insert into compound(id, inchi_code, mol_weight) values (E'SQDFRPSZAQYREW-UHFFFAOYSA-N', E'InChI=1S/C9H17N5O8/c10-8-11-5-3(6(18)12-8)14(22)9(20,7(19)13(5)21)4(17)2(16)1-15/h2-5,7,15-17,19-22H,1H2,(H3,10,11,12,18)', 323.25998);
insert into synonym(inchi_key, name, type) values (E'SQDFRPSZAQYREW-UHFFFAOYSA-N', E'2-amino-5,6,7,8-tetrahydroxy-6-(1,2,3-trihydroxypropyl)-3,4a,7,8a-tetrahydropteridin-4-one', E'IUPAC Name (CAS-like Style)');
insert into synonym(inchi_key, name, type) values (E'SQDFRPSZAQYREW-UHFFFAOYSA-N', E'2-amino-5,6,7,8-tetrahydroxy-6-(1,2,3-trihydroxypropyl)-3,4a,7,8a-tetrahydropteridin-4-one', E'IUPAC Name (Traditional)');
insert into synonym(inchi_key, name, type) values (E'SQDFRPSZAQYREW-UHFFFAOYSA-N', E'2-azanyl-5,6,7,8-tetrakis(oxidanyl)-6-[1,2,3-tris(oxidanyl)propyl]-3,4a,7,8a-tetrahydropteridin-4-one', E'IUPAC Name (Systematic)');
insert into synonym(inchi_key, name, type) values (E'SQDFRPSZAQYREW-UHFFFAOYSA-N', E'2-amino-5,6,7,8-tetrahydroxy-6-(1,2,3-trihydroxypropyl)-3,4a,7,8a-tetrahydropteridin-4-one', E'IUPAC Name (Preferred)');
insert into synonym(inchi_key, name, type) values (E'SQDFRPSZAQYREW-UHFFFAOYSA-N', E'2-amino-5,6,7,8-tetrahydroxy-6-(1,2,3-trihydroxypropyl)-3,4a,7,8a-tetrahydropteridin-4-one', E'IUPAC Name (Allowed)');
insert into external_id(inchi_key, name, url, value) values (E'SQDFRPSZAQYREW-UHFFFAOYSA-N', E'PubChem CID', E'https://pubchem.ncbi.nlm.nih.gov/summary/summary.cgi', E'24');
insert into compound(id, inchi_code, mol_weight) values (E'KQZRTOGFDRQBSR-UHFFFAOYSA-N', E'InChI=1S/C9H15N5O6/c10-9-12-6-4(7(18)13-9)11-3(8(19)14(6)20)5(17)2(16)1-15/h2-3,5,8,11,15-17,19-20H,1H2,(H3,10,12,13,18)', 289.2453);
insert into synonym(inchi_key, name, type) values (E'KQZRTOGFDRQBSR-UHFFFAOYSA-N', E'2-amino-7,8-dihydroxy-6-(1,2,3-trihydroxypropyl)-1,5,6,7-tetrahydropteridin-4-one', E'IUPAC Name (CAS-like Style)');
insert into synonym(inchi_key, name, type) values (E'KQZRTOGFDRQBSR-UHFFFAOYSA-N', E'2-amino-7,8-dihydroxy-6-(1,2,3-trihydroxypropyl)-1,5,6,7-tetrahydropteridin-4-one', E'IUPAC Name (Traditional)');
insert into synonym(inchi_key, name, type) values (E'KQZRTOGFDRQBSR-UHFFFAOYSA-N', E'2-azanyl-7,8-bis(oxidanyl)-6-[1,2,3-tris(oxidanyl)propyl]-1,5,6,7-tetrahydropteridin-4-one', E'IUPAC Name (Systematic)');
insert into synonym(inchi_key, name, type) values (E'KQZRTOGFDRQBSR-UHFFFAOYSA-N', E'2-amino-7,8-dihydroxy-6-(1,2,3-trihydroxypropyl)-1,5,6,7-tetrahydropteridin-4-one', E'IUPAC Name (Preferred)');
insert into synonym(inchi_key, name, type) values (E'KQZRTOGFDRQBSR-UHFFFAOYSA-N', E'2-amino-7,8-dihydroxy-6-(1,2,3-trihydroxypropyl)-1,5,6,7-tetrahydropteridin-4-one', E'IUPAC Name (Allowed)');
insert into external_id(inchi_key, name, url, value) values (E'KQZRTOGFDRQBSR-UHFFFAOYSA-N', E'PubChem CID', E'https://pubchem.ncbi.nlm.nih.gov/summary/summary.cgi', E'25');
